model,cv_r2_mean,cv_r2_std,cv_rmse_mean,cv_mae_mean,test_r2,test_rmse,test_mae
Gradient Boosting,0.9568048600095829,0.018523889165637738,1413.355062534592,924.066030868423,0.96048233541031,1841.788643661087,1082.223360246823
Random Forest,0.9454522551305968,0.04290170974184389,1523.4765256573487,952.5923558268671,0.9305062374228023,2442.401559010918,1253.3719444942335
Ridge Regression,0.8489636183770525,0.027247522344938116,2691.125217055285,1964.5268767132034,0.8614284270888624,3448.9049748148295,2363.9301739072966
ElasticNet Regression,0.8480931181210764,0.027306104038371286,2698.779154782682,1966.359156157642,0.8603521826448627,3462.272382549065,2362.533400482095
Lasso Regression,0.8478490261183689,0.027277185829975466,2700.995735409839,1966.9255659025737,0.8600062799442888,3466.5576936193042,2362.0390440708907
Linear Regression,0.8478488809091347,0.027277101979697953,2700.9970993626944,1966.9255548602657,0.8600058410505862,3466.563127610016,2362.0386955569074
Polynomial Regression (deg=2),0.7368047234512513,0.2419611597318166,3194.5347471060427,1256.5213842968833,0.39869134981426635,7184.43932148151,2488.1868839755007
Polynomial Regression (deg=3),0.8746515192214103,0.16894683449467696,2055.3158679844205,866.0160676911995,0.11015000838203559,8739.821358356989,2013.1243549314902
