model,cv_r2_mean,cv_r2_std,cv_rmse_mean,cv_mae_mean,test_r2,test_rmse,test_mae
Gradient Boosting,0.9568048600095829,0.01852388916563773,1413.3550625345922,924.066030868423,0.96048233541031,1841.788643661087,1082.2233602468232
Random Forest,0.945456169341945,0.04289471721803819,1523.4997187318727,952.347557757715,0.9305935524733263,2440.866705834415,1252.342352817248
Ridge Regression,0.8489636183770525,0.027247522344938185,2691.1252170552857,1964.5268767132038,0.8614284270888624,3448.9049748148295,2363.9301739072966
ElasticNet Regression,0.8480931181210764,0.027306104038371228,2698.7791547826805,1966.3591561576425,0.8603521826448625,3462.272382549068,2362.533400482096
Lasso Regression,0.8478490261183689,0.027277185829975396,2700.9957354098397,1966.9255659025737,0.8600062799442888,3466.5576936193033,2362.0390440708925
Linear Regression,0.8478488809091347,0.027277101979697932,2700.9970993626944,1966.9255548602655,0.8600058410505861,3466.563127610017,2362.0386955569074
Polynomial Regression (deg=2),0.7365314835451009,0.24198718289183846,3196.915194808252,1257.1583000426047,0.3979424545132271,7188.911832102155,2488.4913097270096
Polynomial Regression (deg=3),0.8746515192211568,0.16894683449521625,2055.315867985518,866.0160676910073,0.1101500083716338,8739.821358408071,2013.1243549391008
