model,cv_r2_mean,cv_r2_std,cv_rmse_mean,cv_mae_mean,test_r2,test_rmse,test_mae
Gradient Boosting,0.9568048600095829,0.01852388916563773,1413.3550625345922,924.066030868423,0.96048233541031,1841.788643661087,1082.2233602468232
Random Forest,0.945456169341945,0.04289471721803819,1523.4997187318727,952.3475577577149,0.9305935524733263,2440.8667058344154,1252.3423528172484
Ridge Regression,0.8489636183770525,0.027247522344937908,2691.125217055285,1964.5268767132015,0.8614284270888628,3448.904974814824,2363.9301739072976
ElasticNet Regression,0.8480931181210766,0.027306104038371165,2698.7791547826796,1966.3591561576402,0.8603521826448626,3462.2723825490666,2362.533400482096
Lasso Regression,0.8478490261183689,0.027277185829975414,2700.9957354098397,1966.9255659025744,0.8600062799442888,3466.557693619304,2362.0390440708916
Linear Regression,0.8478488809091346,0.027277101979698005,2700.997099362695,1966.9255548602657,0.860005841050586,3466.563127610019,2362.038695556907
Polynomial Regression (deg=2),0.7368627820367268,0.24200601718337175,3194.09857739122,1256.101561616437,0.39873623173566786,7184.171191746438,2488.32412222701
Polynomial Regression (deg=3),0.8746515192207763,0.16894683449554623,2055.3158679893836,866.0160676924122,0.11015000837388034,8739.82135839704,2013.1243549363585
